CHANGE_ID,UTC_TIMESTAMP,PREVIOUS_STATUS,NEW_STATUS,TRIGGER,PACKAGE_ID,PR_NUMBER,MERGE_COMMIT,GO_TOKEN,GO_GRANTED,RUN_ID,EVIDENCE_BUNDLE,OPERATOR_DECISION,NEXT_ALLOWED_ACTION,NOTES
RBCHG-20260626-001,20260626T233500Z,NOT_STARTED,OPERATOR_REVIEW_REQUIRED,RUNBOOK_BUNDLE_CREATE,NONE,NONE,NONE,NONE,false,NONE,/Users/frnkhrz/Documents/Peak_Trade_runtime_evidence_archive_20260520T161443Z/planning/peak_trade_master_execution_runbook_v1_20260626T233500Z,NONE,COMPLETE_OPERATOR_REVIEW_AND_FINAL_SELECTION_OF_PACKAGE_A_NUMERICAL_TRUST_FOUNDATION,Initial canonical master execution runbook v1 created via multi-agent orchestration. Target architecture complete; Package A provisional review pending.
RBCHG-20260626-002,20260626T235900Z,OPERATOR_REVIEW_REQUIRED,OPERATOR_REVIEW_REQUIRED,CANONICAL_ACTIVE_RUNBOOK_OWNER_INTEGRATED_INTO_REPO,NONE,NONE,NONE,NONE,false,NONE,docs/ops/master_execution/,NONE,COMPLETE_OPERATOR_REVIEW_AND_FINAL_SELECTION_OF_PACKAGE_A_NUMERICAL_TRUST_FOUNDATION,PREVIOUS_OWNER=IMMUTABLE_VERIFIED_DURABLE_SOURCE_SNAPSHOT; NEW_OWNER=CANONICAL_ACTIVE_REPO_RUNBOOK; STATUS_UNCHANGED=true; GO_GRANTED=false; IMPLEMENTATION_STARTED=false; RUN_STARTED=false; Repo paths docs/ops/master_execution/; Durable snapshot unchanged; Desktop convenience copy untouched.
RBCHG-20260625-003,20260625T230531Z,OPERATOR_REVIEW_REQUIRED,FINAL_SELECTION_COMPLETE_IMPLEMENTATION_GO_REQUIRED,PACKAGE_A_FINAL_SELECTION_CHECKPOINT_UPDATE,PACKAGE_A_NUMERICAL_TRUST_FOUNDATION,NONE,d435377d990eafd7962c30f79ea4041965c032d7,NONE,false,NONE,/Users/frnkhrz/Documents/Peak_Trade_runtime_evidence_archive_20260520T161443Z/planning/package_a_numerical_trust_foundation_final_operator_review_v0_20260625T230158Z,PACKAGE_A_FINAL_SELECTED,PREPARE_SEPARATE_EXPLICIT_IMPLEMENTATION_GO_FOR_PACKAGE_A_SLICE_A1_NO_IMPLEMENTATION,ORIGIN_MAIN=d435377d; INV-021+INV-048; SLICES=A1+A2; GO_GRANTED=false; IMPLEMENTATION_STARTED=false; RUNTIME=false; docs-only checkpoint update; Operator-Review evidence source.
RBCHG-20260625-004,20260625T232920Z,FINAL_SELECTION_COMPLETE_IMPLEMENTATION_GO_REQUIRED,PACKAGE_A_SLICE_A1_MERGED_CLOSEOUT_COMPLETE,PACKAGE_A_SLICE_A1_CLOSEOUT_CHECKPOINT_UPDATE,PACKAGE_A_SLICE_A1,4566,f570e857ff48ac2f52dde516d85b21666885da6f,GO_PACKAGE_A_SLICE_A1_INV021_PNL_OWNER_CONTRACT_FORMALISATION_V0,false,NONE,/Users/frnkhrz/Documents/Peak_Trade_runtime_evidence_archive_20260520T161443Z/implementation/package_a_slice_a1_inv021_pnl_owner_contract_formalisation_v0_20260625T232429Z,PACKAGE_A_SLICE_A1_MERGED,PREPARE_PACKAGE_A_SLICE_A2_INV048_IMPLEMENTATION_GO_READINESS_NO_IMPLEMENTATION,INV-021 complete; test-only contract formalisation; no production change; no formula change; no A2-GO; no runtime; docs-only checkpoint closeout.
RBCHG-20260625-005,20260625T235551Z,PACKAGE_A_SLICE_A1_MERGED_CLOSEOUT_COMPLETE,PACKAGE_A_SLICE_A2_MERGED_CLOSEOUT_COMPLETE,PACKAGE_A_SLICE_A2_CLOSEOUT_CHECKPOINT_UPDATE,PACKAGE_A_SLICE_A2,4568,5495c8fb1c2a2ac28c97fcd0a0405746adc88774,GO_PACKAGE_A_SLICE_A2_INV048_P1_ARITHMETIC_CONTRACTS_V0,false,NONE,/Users/frnkhrz/Documents/Peak_Trade_runtime_evidence_archive_20260520T161443Z/closeout/package_a_slice_a2_inv048_professor_admin_merge_and_checkpoint_closeout_v0_20260625T235551Z,PACKAGE_A_SLICE_A2_MERGED,COMPLETE_OPERATOR_REVIEW_AND_FINAL_SELECTION_OF_PACKAGE_B_RECONCILIATION_CANONICALIZATION,INV-048 complete; P1-3/P1-4/P1-5 contract closure; test-only; no production change; no formula change; Package A complete; next read-only Package B review; no runtime; no authority lift.
RBCHG-20260626-006,20260626T001200Z,PACKAGE_A_SLICE_A2_MERGED_CLOSEOUT_COMPLETE,FINAL_SELECTION_COMPLETE_IMPLEMENTATION_GO_REQUIRED,PACKAGE_B_FINAL_SELECTION_CHECKPOINT_UPDATE,PACKAGE_B_RECONCILIATION_CANONICALIZATION,NONE,4f2918d9987e39b09d2639b1bc6c1f9163f4e698,NONE,false,NONE,/Users/frnkhrz/Documents/Peak_Trade_runtime_evidence_archive_20260520T161443Z/planning/package_b_reconciliation_canonicalization_final_operator_review_v0_20260626T000500Z,PACKAGE_B_FINAL_SELECTED_WITH_BOUNDED_SCOPE_CORRECTION,PREPARE_PACKAGE_B_SLICE_B1_INV022_IMPLEMENTATION_GO_READINESS_NO_IMPLEMENTATION,ORIGIN_MAIN=4f2918d9; PACKAGE_B=Reconciliation Canonicalization; INV-022+INV-006; SLICES=B1 then B2; B1 FOCUSED; B2 FOCUSED/durable_completion_focused; GO_GRANTED=false; IMPLEMENTATION_STARTED=false; RUNTIME=false; no engine unification; no wiring; no repair authority; docs-only checkpoint update; Operator-Review evidence source.
RBCHG-20260626-007,20260626T002849Z,NOT_STARTED,MERGED_CLOSEOUT_COMPLETE,PACKAGE_B_SLICE_B1_CLOSEOUT_CHECKPOINT_UPDATE,PACKAGE_B_SLICE_B1,4571,ba4fa64eff7b99df88fcc02e1e8a4be2836f5cdf,GO_PACKAGE_B_SLICE_B1_INV022_RECONCILIATION_OWNER_BOUNDARIES_V0,false,NONE,/Users/frnkhrz/Documents/Peak_Trade_runtime_evidence_archive_20260520T161443Z/implementation/package_b_slice_b1_inv022_reconciliation_owner_boundaries_implementation_v0_20260626T002429Z,PACKAGE_B_SLICE_B1_MERGED,PREPARE_PACKAGE_B_SLICE_B2_INV006_IMPLEMENTATION_GO_READINESS_NO_IMPLEMENTATION,INV-022 complete; static contract formalisation only; test-only; no production change; no reconciliation logic change; no B2-GO; no runtime; docs-only checkpoint closeout.
RBCHG-20260626-008,20260626T034210Z,PACKAGE_B_SLICE_B1_MERGED_CLOSEOUT_COMPLETE,PACKAGE_B_COMPLETE_CLOSEOUT_COMPLETE,PACKAGE_B_SLICE_B2_CLOSEOUT_CHECKPOINT_UPDATE,PACKAGE_B_SLICE_B2,4575,c757c2af5976bc7c46796905d72c7bfb0202d278,GO_PR4575_BOUNDED_SQUASH_MERGE_AND_PACKAGE_B_B2_CLOSEOUT_V0,false,NONE,/Users/frnkhrz/Documents/Peak_Trade_runtime_evidence_archive_20260520T161443Z/closeout/pr4575_package_b_b2_inv006_pe31_durable_completion_closeout_v0_20260626T034210Z,PACKAGE_B_SLICE_B2_MERGED,READ_ONLY_OPERATOR_REVIEW_FOR_NEXT_MAJOR_PACKAGE_SCOPE_RANKING_NO_IMPLEMENTATION,INV-006 complete; PE-31 durable-completion canonical binding; 20 manifest nodes; 22 CI targets; test-only; no production change; Package B complete; no Package-C-GO; no runtime; docs-only checkpoint closeout.
RBCHG-20260626-009,20260626T070000Z,PACKAGE_B_COMPLETE_CLOSEOUT_COMPLETE,PACKAGE_C_C1_CLOSEOUT_COMPLETE,PACKAGE_C_SLICE_C1_CLOSEOUT_CHECKPOINT_UPDATE,PACKAGE_C_SLICE_C1,4577,6b529f19c71c23967636fe398a320ed611285d96,GO_PACKAGE_C_C1_INV045_CHECKPOINT_DOCS_ONLY_CLOSEOUT_V0,false,NONE,/Users/frnkhrz/Documents/Peak_Trade_runtime_evidence_archive_20260520T161443Z/closeout/pr4577_package_c_c1_inv045_merge_closeout_v0_20260626T062800Z,PACKAGE_C_SLICE_C1_MERGED,READ_ONLY_OPERATOR_REVIEW_FOR_PACKAGE_C_C2_INV046_SCOPE_NO_IMPLEMENTATION_NO_GO,INV-045 complete; dynamic scope owner/authority/import boundary contract-only; CONTRACT_FOCUSED; test-only; no production change; Package C IN_PROGRESS; C2 NOT_STARTED; no C2-GO; no runtime; docs-only checkpoint closeout.
RBCHG-20260626-010,20260626T120500Z,PACKAGE_C_C1_CLOSEOUT_COMPLETE,PACKAGE_C_COMPLETE_CLOSEOUT_COMPLETE,PACKAGE_C_SLICE_C2_CLOSEOUT_CHECKPOINT_UPDATE,PACKAGE_C_SLICE_C2,4579,c518f8b8646d1e594e18d640ee14f865c3698c6b,GO_PACKAGE_C_C2_INV046_CHECKPOINT_DOCS_ONLY_CLOSEOUT_V0,false,NONE,/Users/frnkhrz/Documents/Peak_Trade_runtime_evidence_archive_20260520T161443Z/closeout/pr4579_package_c_c2_inv046_state_switch_squash_merge_closeout_v0_20260626T051500Z,PACKAGE_C_SLICE_C2_MERGED,READ_ONLY_OPERATOR_REVIEW_FOR_NEXT_MAJOR_PACKAGE_SCOPE_RANKING_NO_IMPLEMENTATION,INV-046 complete; state-switch owner/authority/import boundary contract-only; CONTRACT_FOCUSED / state_switch_owner_boundary_contract_focused; 7 owner nodes; 9 CI targets; test-only; no production change; Package C complete; no Package-D-GO; no next package started; no runtime; docs-only checkpoint closeout.
RBCHG-20260626-011,20260626T171200Z,PACKAGE_C_COMPLETE_CLOSEOUT_COMPLETE,PACKAGE_D_COMPLETE_CLOSEOUT_COMPLETE,PACKAGE_D_SLICE_D1_CLOSEOUT_CHECKPOINT_UPDATE,PACKAGE_D_SLICE_D1,4581,148685f2bda737d288634e2e9c55ad0795a45894,GO_PACKAGE_D_D1_INV007_CHECKPOINT_DOCS_ONLY_CLOSEOUT_V0,false,NONE,/Users/frnkhrz/Documents/Peak_Trade_runtime_evidence_archive_20260520T161443Z/closeout/pr4581_package_d_d1_inv007_capital_slot_squash_merge_closeout_v0_20260626T061439Z,PACKAGE_D_SLICE_D1_MERGED,READ_ONLY_OPERATOR_REVIEW_FOR_PACKAGE_E_RISK_KILLSWITCH_SCOPE_NO_IMPLEMENTATION_NO_GO,INV-007 complete; capital-slot owner/authority/import boundary contract-only; CONTRACT_FOCUSED / capital_slot_owner_boundary_contract_focused; 7 owner nodes; 9 CI targets; test-only; no production change; Package D complete; no Package-E-GO; no next package started; no runtime; docs-only checkpoint closeout.
RBCHG-20260626-012,20260626T181500Z,PACKAGE_D_COMPLETE_CLOSEOUT_COMPLETE,PACKAGE_E_E1_CLOSEOUT_COMPLETE,PACKAGE_E_SLICE_E1_CLOSEOUT_CHECKPOINT_UPDATE,PACKAGE_E_SLICE_E1,4583,4ab3df7d9798b4cecfa903a7f65ac0ed46bf6942,GO_PACKAGE_E_E1_INV008_CHECKPOINT_DOCS_ONLY_CLOSEOUT_V0,false,NONE,/Users/frnkhrz/Documents/Peak_Trade_runtime_evidence_archive_20260520T161443Z/closeout/pr4583_package_e_e1_inv008_pe22_squash_merge_closeout_v0_20260626T161427Z,PACKAGE_E_SLICE_E1_MERGED,READ_ONLY_OPERATOR_REVIEW_FOR_PACKAGE_E_E2_INV033_PARKED_RUNTIME_SCOPE_NO_IMPLEMENTATION_NO_GO,INV-008 complete; PE-22 durable completion canonical binding contract-only; CONTRACT_FOCUSED / pe22_durable_completion_binding_focused; 20 binding nodes; 22 CI targets; test-only; no production change; INV-037 COMPLETE trace-only; INV-033 PARKED_RUNTIME_OPERATOR_GO_REQUIRED; Package E IN_PROGRESS not COMPLETE; no E2-GO; no OPERATOR_GO_TINY_ORDER; no runtime; docs-only checkpoint closeout.
RBCHG-20260627-001,20260627T002000Z,PACKAGE_E_E1_CLOSEOUT_COMPLETE,PACKAGE_E_E2_INV033_OFFLINE_DECOMPOSITION_CLOSEOUT_COMPLETE,POST_INV033_OFFLINE_DECOMPOSITION_CHECKPOINT_UPDATE,PACKAGE_E_SLICE_E2_OFFLINE,4590,8e5d5f3a7b599fb5869143ffc180e1cf44824af2,GO_POST_INV033_RANK1_MASTER_CHECKPOINT_REFRESH_IMPLEMENTATION_V0,false,NONE,/Users/frnkhrz/Documents/Peak_Trade_runtime_evidence_archive_20260520T161443Z/closeout/pr4590_okx_adapter_lifecycle_slice3_digest_hook_squash_merge_and_decomposition_closeout_v0_20260626T234308Z,PACKAGE_E_SLICE_E2_OFFLINE_MERGED,READ_ONLY_OPERATOR_REVIEW_FOR_INV033_RUNTIME_PARKED_SCOPE_OR_PREPARE_RANK2_SSOT_CROSSLINK_NO_RUNTIME,ORIGIN_MAIN 4ab3df7 to 8e5d5f3a; PR #4590 squash merge; INV-033 offline decomposition complete Slices 1-3 MERGED; offline adapter lifecycle static complete; digest hook integrated; INV033_RUNTIME PARKED_RUNTIME_OPERATOR_GO_REQUIRED; RUNTIME_GO_READY=false; Package E IN_PROGRESS not COMPLETE; no account; no credentials; no private API; no orders; no AWS runtime GO; docs-only checkpoint closeout; Rank 2 crosslinks excluded.
